[ {
  "id" : "019effab-1092-4b4f-af0e-e2d80d59bd64",
  "portletId" : "vanity-urls",
  "layoutId" : "89594b95-1354-4a63-8867-c922880107df",
  "portletOrder" : 2
}, {
  "id" : "0598f8e7-4464-4f10-aa5c-0d419c940b88",
  "portletId" : "vanity-urls",
  "layoutId" : "b7ab5d3c-5ee0-4195-a17e-8f5579d718dd",
  "portletOrder" : 5
}, {
  "id" : "075a9bea-349f-4689-bff5-474e8aa3b2c9",
  "portletId" : "pages",
  "layoutId" : "b7ab5d3c-5ee0-4195-a17e-8f5579d718dd",
  "portletOrder" : 2
}, {
  "id" : "0c496853-c172-4793-8f7e-50915fd294e8",
  "portletId" : "dynamic-plugins",
  "layoutId" : "aa91172e-0fa6-482e-9a8b-1c202c7fca0e",
  "portletOrder" : 7
}, {
  "id" : "136d57e9-7c3c-438a-ab5e-ea8ff54b3222",
  "portletId" : "containers",
  "layoutId" : "b7ab5d3c-5ee0-4195-a17e-8f5579d718dd",
  "portletOrder" : 3
}, {
  "id" : "300793ee-af5a-4ed9-908f-1d290fb43f47",
  "portletId" : "apps",
  "layoutId" : "a8e430e3-8010-40cf-ade1-5978e61241a8",
  "portletOrder" : 3
}, {
  "id" : "3150d910-b03b-4e98-9dc9-e57e7fddd277",
  "portletId" : "configuration",
  "layoutId" : "a8e430e3-8010-40cf-ade1-5978e61241a8",
  "portletOrder" : 7
}, {
  "id" : "4534d7e5-ff3d-460c-8652-e2799a1e3324",
  "portletId" : "publishing-queue",
  "layoutId" : "5e23353d-76a1-4783-b94f-218adbfeba83",
  "portletOrder" : 1
}, {
  "id" : "45a02e51-8636-4450-81c6-ec0633310255",
  "portletId" : "roles",
  "layoutId" : "a8e430e3-8010-40cf-ade1-5978e61241a8",
  "portletOrder" : 5
}, {
  "id" : "57d8b925-f80a-47fc-bfd1-479c4b4aa1b5",
  "portletId" : "locales",
  "layoutId" : "56fedb43-dbbf-4ce2-8b77-41fb73bad015",
  "portletOrder" : 5
}, {
  "id" : "5e7c833e-9907-4ecd-86fb-cf8052de2563",
  "portletId" : "tags",
  "layoutId" : "56fedb43-dbbf-4ce2-8b77-41fb73bad015",
  "portletOrder" : 3
}, {
  "id" : "641ce5d9-267a-41e4-a9bc-b9208fa590d1",
  "portletId" : "site-browser",
  "layoutId" : "b7ab5d3c-5ee0-4195-a17e-8f5579d718dd",
  "portletOrder" : 1
}, {
  "id" : "6a93f4fe-9b1f-4e01-a5d6-6ce52785ee7f",
  "portletId" : "query-tool",
  "layoutId" : "aa91172e-0fa6-482e-9a8b-1c202c7fca0e",
  "portletOrder" : 1
}, {
  "id" : "73248993-c12f-4e0f-8e52-cfe3e23e4323",
  "portletId" : "velocity_playground",
  "layoutId" : "aa91172e-0fa6-482e-9a8b-1c202c7fca0e",
  "portletOrder" : 6
}, {
  "id" : "78567fe8-575d-4b8a-9918-36dcef22bdef",
  "portletId" : "categories",
  "layoutId" : "56fedb43-dbbf-4ce2-8b77-41fb73bad015",
  "portletOrder" : 2
}, {
  "id" : "7c68b652-a13b-41b2-a798-a6d1b5911bb8",
  "portletId" : "rules",
  "layoutId" : "a8e430e3-8010-40cf-ade1-5978e61241a8",
  "portletOrder" : 2
}, {
  "id" : "80394b0a-407c-4453-8dad-ee0ebe2e4c4c",
  "portletId" : "c_Language-Variables",
  "layoutId" : "56fedb43-dbbf-4ce2-8b77-41fb73bad015",
  "portletOrder" : 6
}, {
  "id" : "8a66ce65-878f-4ff3-9c2f-9d577ff0d69f",
  "portletId" : "rules",
  "layoutId" : "89594b95-1354-4a63-8867-c922880107df",
  "portletOrder" : 1
}, {
  "id" : "8b50bd66-2193-4c75-bbf9-b0f7c54712ff",
  "portletId" : "site-browser",
  "layoutId" : "931f0b26-92c1-420b-8fbf-e48089040921",
  "portletOrder" : 1
}, {
  "id" : "8d5b286b-40d5-4065-8a13-d51fe912d674",
  "portletId" : "c_Images",
  "layoutId" : "8beec8db-dc13-4d90-9046-33eadb63c60d",
  "portletOrder" : 1
}, {
  "id" : "90a6f22e-0222-407a-a5a6-73b16bf862af",
  "portletId" : "content",
  "layoutId" : "71b8a1ca-37b6-4b6e-a43b-c7482f28db6c",
  "portletOrder" : 1
}, {
  "id" : "972e2be8-ed46-46dd-a4d2-243370b87c3a",
  "portletId" : "starter",
  "layoutId" : "2df9f117-b140-44bf-93d7-5b10a36fb7f9",
  "portletOrder" : 1
}, {
  "id" : "9ab12ece-6ea4-4064-87ff-7ef0f1dceeb5",
  "portletId" : "es-search",
  "layoutId" : "aa91172e-0fa6-482e-9a8b-1c202c7fca0e",
  "portletOrder" : 4
}, {
  "id" : "a86c5a20-3bc8-42ea-9e21-700e02f25538",
  "portletId" : "users",
  "layoutId" : "a8e430e3-8010-40cf-ade1-5978e61241a8",
  "portletOrder" : 4
}, {
  "id" : "abdf6431-271b-4e87-ac97-4879d91c023b",
  "portletId" : "time-machine",
  "layoutId" : "5e23353d-76a1-4783-b94f-218adbfeba83",
  "portletOrder" : 2
}, {
  "id" : "b8a6572c-9d34-4192-aa8a-ede979020d1f",
  "portletId" : "c_Videos",
  "layoutId" : "8beec8db-dc13-4d90-9046-33eadb63c60d",
  "portletOrder" : 2
}, {
  "id" : "b8e94db4-9572-4596-b3b0-ed9c0d5fd327",
  "portletId" : "sites",
  "layoutId" : "a8e430e3-8010-40cf-ade1-5978e61241a8",
  "portletOrder" : 1
}, {
  "id" : "bde01936-32a5-4be4-9b1d-59882a5ab466",
  "portletId" : "workflow-schemes",
  "layoutId" : "56fedb43-dbbf-4ce2-8b77-41fb73bad015",
  "portletOrder" : 4
}, {
  "id" : "c1181492-164f-419a-b3eb-96ecc6cad88e",
  "portletId" : "templates",
  "layoutId" : "b7ab5d3c-5ee0-4195-a17e-8f5579d718dd",
  "portletOrder" : 4
}, {
  "id" : "d984d293-06ec-400a-8f25-a748227cf2cb",
  "portletId" : "publishing-queue",
  "layoutId" : "b7ab5d3c-5ee0-4195-a17e-8f5579d718dd",
  "portletOrder" : 6
}, {
  "id" : "e0f31f08-cbdf-44a2-841f-5221068f5b13",
  "portletId" : "c_Files",
  "layoutId" : "8beec8db-dc13-4d90-9046-33eadb63c60d",
  "portletOrder" : 3
}, {
  "id" : "e66fe0d5-2bff-496c-b377-9547f1837613",
  "portletId" : "forms",
  "layoutId" : "89594b95-1354-4a63-8867-c922880107df",
  "portletOrder" : 3
}, {
  "id" : "e92f1f5f-d640-4a78-96fc-e1082988ad3b",
  "portletId" : "site-search",
  "layoutId" : "aa91172e-0fa6-482e-9a8b-1c202c7fca0e",
  "portletOrder" : 3
}, {
  "id" : "ec0d3fa1-b957-4a45-8850-f4f26b7c608b",
  "portletId" : "graphql",
  "layoutId" : "aa91172e-0fa6-482e-9a8b-1c202c7fca0e",
  "portletOrder" : 2
}, {
  "id" : "f54e2760-05be-4105-9849-d1be48b69291",
  "portletId" : "maintenance",
  "layoutId" : "a8e430e3-8010-40cf-ade1-5978e61241a8",
  "portletOrder" : 6
}, {
  "id" : "f763202e-8354-4c43-9d1c-40b128941c2a",
  "portletId" : "api_playground",
  "layoutId" : "aa91172e-0fa6-482e-9a8b-1c202c7fca0e",
  "portletOrder" : 5
}, {
  "id" : "fb717c0a-21fa-4f52-af2b-d020e6aff135",
  "portletId" : "content-types-angular",
  "layoutId" : "56fedb43-dbbf-4ce2-8b77-41fb73bad015",
  "portletOrder" : 1
}, {
  "id" : "fd9747ff-ab19-42ee-a73b-40ec99f31f21",
  "portletId" : "dotai",
  "layoutId" : "aa91172e-0fa6-482e-9a8b-1c202c7fca0e",
  "portletOrder" : 8
} ]