[ {
  "identifier" : "8a7d5e23-da1e-420a-b4f0-471e7da8ea2d",
  "liveInode" : "1b407535-67e3-4f21-ad00-8ef5ef492d64",
  "workingInode" : "1b407535-67e3-4f21-ad00-8ef5ef492d64",
  "lockedBy" : "dotcms.org.1",
  "lockedOn" : "2020-04-20T20:28:30.733+00:00",
  "deleted" : false,
  "versionTs" : "2024-08-08T18:52:14.833+00:00",
  "lang" : 1,
  "variant" : "DEFAULT",
  "publishDate" : "2023-05-25T21:55:00.711+00:00"
}, {
  "identifier" : "a083e942-5fb0-47ef-9619-6f8f40593474",
  "liveInode" : "52f6c0e2-7978-483b-a0a2-c589044db9e7",
  "workingInode" : "52f6c0e2-7978-483b-a0a2-c589044db9e7",
  "lockedBy" : null,
  "lockedOn" : "2021-06-14T21:32:16.863+00:00",
  "deleted" : false,
  "versionTs" : "2024-08-08T18:52:14.840+00:00",
  "lang" : 1,
  "variant" : "DEFAULT",
  "publishDate" : "2023-05-25T21:55:00.715+00:00"
}, {
  "identifier" : "SYSTEM_HOST",
  "liveInode" : "dbdec5e2-c02b-4cfb-83a9-4a4c4f3b2eb0",
  "workingInode" : "dbdec5e2-c02b-4cfb-83a9-4a4c4f3b2eb0",
  "lockedBy" : null,
  "lockedOn" : "2012-06-07T09:46:26.000+00:00",
  "deleted" : false,
  "versionTs" : "2024-08-08T18:52:14.837+00:00",
  "lang" : 1,
  "variant" : "DEFAULT",
  "publishDate" : "2023-05-25T21:55:00.713+00:00"
} ]